Product Name,Manufacturer,Intended Use,Storage Location,SDS Reference Number,External Link To SDS
Glass Cleaner,Uline Inc.,Cleaner,Supply Closet,S-19451,https://img.uline.com/is/content/uline/SS-19452pdf
Uline Toilet Bowl Cleaner,Uline Inc.,Cleaner,Supply Closet,S-24321,https://img.uline.com/is/content/uline/SS-24321pdf
"Uline Antibacterial, Light Moisturizing Hand Soap",Uline Inc.,Cleaner,Supply Closet,Uline SDS – SS-17080 (no SDS # listed),https://img.uline.com/is/content/uline/SS-17080pdf
Uline Multi-Purpose Cleaner - Lavender,Uline Inc.,Cleaner,Supply Closet,S-19454,https://img.uline.com/is/content/uline/SS-19454pdf
All Purpose Cleaner,Uline Inc.,Cleaner,Supply Closet,S-19455,https://www.uline.com/PDF/SS-19455.pdf
FANTASTIK DISINFECTANT MULTI-PURPOSE CLEANER,S.C. Kohnson & Son Inc.,Cleaner,Janitorial Closet,350000032935,https://www.scjp.com/en-us/products/fantastik-disinfectant-multi-purpose-cleaner-lemon-scent
Clorox Regular-Bleach,The Clorox Company,Cleaner,Janitorial Closet,5813‑100,https://www.thecloroxcompany.com/wp-content/uploads/2020/12/US001066-Clorox-Regular-Bleach1_3.pdf
Dawn Ultra Dishwashing Liquid,Procter & Gamble Inc.,Cleaner,Maintenance Crib,97591965_RET_NG,https://sds.chemtel.net/webclients/cheneybrothers/540011SDS.pdf
Uline Liquid Dish Soap,Uline Inc.,Cleaner,Supply Closet,S-25782,https://img.uline.com/is/content/uline/SS-25782pdf
Professional Lysol Disinfectant Spray,Reckitt Benckiser Inc.,Cleaner,Supply Closet,D0224478,https://content.oppictures.com/master_images/master_pdf_files/rac04675ea_sds.pdf
Simple Green Industrial Cleaner & Degreaser,Sunshine Makers Inc.,Cleaner,Supply Closet,043318004797 (S-7290),https://cdn.simplegreen.com/downloads/SDS_EN-US_SimpleGreenIndustrialCleanerDegreaser.pdf
LU 700 Food Grade Machinery Oil,Sprayon Products Group,Lubricant,Maintenance Flame Cab,S70005000,https://www.grainger.com/sds/pdf/220785.pdf
ZINSSER TUB 4X1.13KG HYDRAULIC CEMENT,Rust-Oleum Corporation,Adhesive,Maintenance Crib,266296,https://www.rustoleum.com/MSDS/ENGLISH/266296.PDF?utm_source=chatgpt.com
WD-40 3-IN-ONE Multi-Purpose Oil,WD-40 Company,Lubricant,Maintenance Crib,64742-52-5,https://files.wd40.com/pdf/sds/3inone/3-in-one-multi-purpose-oil-w-telescoping-spout.pdf
Methyl Ethyl Ketone,Markem-imaje USA,Cleaning Agent,Operations Flame Cab,5100-4,https://www.markem-imaje.com/services-support/safety-data-sheets
Methyl Ethyl Ketone,Markem-imaje USA,Cleaning Agent,Operations Flame Cab,A188-4,https://www.markem-imaje.com/services-support/safety-data-sheets
A26060,Markem-imaje USA,Printer Ink,Operations Flame Cab,Mb175-4,https://www.markem-imaje.com/services-support/safety-data-sheets
TECHNOMELT COOL 500,Henkel Corporation,Adhesive,Maintenance Crib,1676309,https://static.rshughes.com/wm/p/wm-asis/97709d822b9d485f821f04702e5e84aa4607769a.pdf?uf=&utm_source=chatgpt.com
JET-LUBE AP-5,Jet-Lube LLC,Lubricant,Maintenance Crib,WPS-JLI-021,
LU 700 Food Grade Machinery Oil Aerosol,Sprayon Products,Lubricant,Maintenance Flame Cab,S00700,https://www.grainger.com/sds/pdf/220785.pdf
LU 210 Food Grade Silicone Lubricant Aerosol,Spray Products,Lubricant,Maintenance Crib,S00210,https://assetcloud.roccommerce.net/files/_kljack/6/5/3/sprayon-lu210-food-grade-silicone-lubricant-sds.pdf?utm_source=chatgpt.com
Spic and Span Disinfecting All-Purpose Spray and Glass Cleaner,Procter & Gamble Professional,Cleaner,Supply Closet,92041835_DIL_PROF_NG,https://www.webstaurantstore.com/documents/sds/63232535cl_92041835_dil_prof_ng_mtr_pgcn_en.pdf?utm_source=chatgpt.com
Rust-oleum Strust + SSPR 6Pk,Rust-Oleum Corporation,Paint,Maintenance Flame Cab 2,7798830,https://www.rustoleum.com/MSDS/ENGLISH/7798830.PDF?utm_source=chatgpt.com
American Rock Salt,American Rock Salt Company LLC,De-icing,Supply Closet,767-14-5,https://americanrocksalt.com/wp-content/uploads/2024/10/American_Rock_Salt_Company-Rock_Salt_Halite_Salt_Firerock-ProMelt-Ultra-2000-INH-Blue_GHS_SDS_10_23_2024.pdf?utm_source=chatgpt.com
Morton Table Salt,"Morton Salt, Inc.",Salt,Break Room,100,https://labelsds.com/images/user_uploads/Morton%20Salt%20SDS%205-27-21.pdf
Mold Armor & Mildew Killer + Quick Stain Remover,W.M. Barr,Cleaner,Supply Closet,FG502,https://www.barringredients.com/Content/PDFs/FG502-SDS.pdf?utm_source=chatgpt.com
Fabuloso All Purpose Cleaner Liquid Lavender,Colgate-Palmolive Co,Cleaner,Supply Closet,660000000778,https://img.uline.com/is/content/uline/SS-19454pdf
Moisturizing Hand Sanitizer,Uline Shipping Supplies,Sanitizer,Maintenance Crib,849AA,https://img.uline.com/is/content/uline/SS-23798pdf
SP 610 Anti-Static Spray Aerosal,"Sprayon Products Group
(Under Sherwin-Williams)",neutralize static electricity,Maintenance Flame Cab 2,"GHS-85-NA-GHS-US(2020 SDS)
SC0610000(MSDS)",https://cdn.littlehardware.com/items/docs/Sprayon_102656403_SDS.pdf
Purple Power Cleaner/Degreaser,Aiken Chemical Company Inc.,Cleaner,Supply Closet,4320P,https://images.thdstatic.com/catalog/pdfImages/a2/a2c38d39-d968-481b-bb20-3fd0d32dc019.pdf
PB Penetrating Catalyst (Bulk),The Blaster Corporation,Penetrant,Maintenance Flame Cab 2,"128-PB, 5-PB, 55-PB",https://blasterproducts.com/wp-content/uploads/2023/03/PB-Penetrating-Catalyst-Bulk-EN-OSHA-GHS-2023-1-13.pdf
Chain and Cable Lube,Blaster LLC,Lubricant,Maintenance Crib,16-CCL,https://blasterproducts.com/wp-content/uploads/2022/06/CCL-Chain-and-Cable-Lube-EN-OSHA-GHS-SDS-2022-06-09.pdf
Signet Glass & Multi-Surface Cleaner,"Diversey, Inc.",Industrial/Institutional cleaning product; dilute prior to use,"Janitorial Closet
Auto Dilution System",MS0800239,https://sds.diversey.com/DirectDocumentDownloader/Document/?prd=MS0800239~~PDF~~MTR~~ANGH~~EN~~~~
Signet Heavy Duty Non-Acid Washroom Cleaner/Disinfectant,"Diversey, Inc. ",Industrial/Institutional disinfectant cleaner; dilute prior to use,"Janitorial Closet
Auto Dilution System",MS0800426,https://sds.diversey.com/DirectDocumentDownloader/Document/?prd=MS0800426~~PDF~~MTR~~ANEP~~EN~~~~
Signet® Neutral Disinfectant,"Diversey, Inc. ",Industrial/Institutional disinfectant cleaner; dilute prior to use,"Janitorial Closet
Auto Dilution System",MS0800413,https://sds.diversey.com/DirectDocumentDownloader/Document/?prd=MS0800413~~PDF~~MTR~~ANEP~~EN~~~~
Signet Neutral Floor Cleaner,"Diversey, Inc.",Industrial/Institutional Cleaning product: Dilute prior to use,"Janitorial Closet
Auto Dilution System",MS0800222,https://sds.diversey.com/DirectDocumentDownloader/Document/?prd=MS0800222~~PDF~~MTR~~ANGH~~EN~~~~
Industrial Gear Lube 680,SUPER Brand,Lubrication for enclosed industrial gear sets (stated on label),Maintenance Flame Cab 2,6910,https://tritechlubricants.com/wp-content/uploads/2016/10/7026-INDUSTRIAL_GEAR_OIL_680-SDS.pdf?utm_source=chatgpt.com
Isopropyl Alcohol 91% (Equate First Aid Antiseptic Spray),Hydrox Laboratories,"First aid antiseptic; topical disinfectant for cuts, scrapes, and minor burns",Flame Cab,"SDS-004 (Formula No. 004, Rev. 06/16/2023)",https://www.hydroxlabs.com/images/pdf/SDSPDF/SDS-004%20Isopropyl%20Alcohol%2091pct%2006-16-23.pdf
Uline Air Freshener,Uline Inc.,Air Freshener,Supply Closet,S-17147,https://img.uline.com/is/content/uline/SS-17147pdf
Sani Professional No Rinse Sanitizing Wipes,Uline Inc.,Cleaner,Supply Closet,S-23602,https://saniprofessional.com/wp-content/uploads/2021/12/SDS-0089-00-English.pdf
Tap Magic Aluminum Cutting Fluid,The Steco Corporation (Tap Magic),Cutting Fluid for Non-Ferrous Metal,Maintenance Flame Cab 2,20004A,https://tapmagic.com/wp-content/uploads/2025/01/20241106135018-tap-magic-aluminum-sds-us-en-final-2024pdf.pdf